Type,Min 0%,25%,50%,75%,Max 100%,Mean
3gpp,79236.9,96407.1,98040.8,99400.2,116011.0,97921.55703703703
trace-based,508665.0,513086.0,513086.0,513098.0,513098.0,513081.72407407407
MLPL,508665.0,513086.0,513086.0,513098.0,513098.0,513081.72407407407
real,11107.5,66640.41750000001,68855.485,69752.485,72869.55,65025.89000589225
